lfht1	async multi1	friendster	10	21	13.553861	15.398236	0.000000	0.000000	0.000000
lfht1	async multi1	friendster	10	21	13.779457	14.078814	0.000000	0.000000	0.000000
lfht1	async multi1	friendster	10	21	13.542916	13.844310	0.000000	0.000000	0.000000
lfht1	async multi1	friendster	10	21	13.536567	13.837666	0.000000	0.000000	0.000000
lfht1	async multi1	friendster	10	21	13.551449	13.853565	0.000000	0.000000	0.000000
lfht1	async multi1	friendster	10	22	13.180445	13.482122	0.000000	0.000000	0.000000
lfht1	async multi1	friendster	10	22	13.177762	13.480276	0.000000	0.000000	0.000000
lfht1	async multi1	friendster	10	22	13.306931	13.624257	0.000000	0.000000	0.000000
lfht1	async multi1	friendster	10	22	13.185122	13.485731	0.000000	0.000000	0.000000
lfht1	async multi1	friendster	10	22	13.176831	13.475410	0.000000	0.000000	0.000000
lfht1	async multi1	friendster	10	23	13.067266	13.365556	0.000000	0.000000	0.000000
lfht1	async multi1	friendster	10	23	13.033486	13.334642	0.000000	0.000000	0.000000
lfht1	async multi1	friendster	10	23	13.065389	13.367756	0.000000	0.000000	0.000000
lfht1	async multi1	friendster	10	23	13.051345	13.353685	0.000000	0.000000	0.000000
lfht1	async multi1	friendster	10	23	12.988804	13.290177	0.000000	0.000000	0.000000
lfht1	async multi1	friendster	10	24	12.996761	13.308885	0.000000	0.000000	0.000000
lfht1	async multi1	friendster	10	24	13.001784	13.307632	0.000000	0.000000	0.000000
lfht1	async multi1	friendster	10	24	13.025770	13.327556	0.000000	0.000000	0.000000
lfht1	async multi1	friendster	10	24	13.064568	13.364437	0.000000	0.000000	0.000000
lfht1	async multi1	friendster	10	24	13.000684	13.301481	0.000000	0.000000	0.000000
lfht1	async multi1	friendster	10	25	12.957250	13.258632	0.000000	0.000000	0.000000
lfht1	async multi1	friendster	10	25	12.968441	13.272060	0.000000	0.000000	0.000000
lfht1	async multi1	friendster	10	25	12.960053	13.259748	0.000000	0.000000	0.000000
lfht1	async multi1	friendster	10	25	12.967398	13.274952	0.000000	0.000000	0.000000
lfht1	async multi1	friendster	10	25	12.961767	13.258256	0.000000	0.000000	0.000000
lfht1	async multi1	friendster	10	26	12.994958	13.293202	0.000000	0.000000	0.000000
lfht1	async multi1	friendster	10	26	12.974746	13.274382	0.000000	0.000000	0.000000
lfht1	async multi1	friendster	10	26	13.010771	13.312272	0.000000	0.000000	0.000000
lfht1	async multi1	friendster	10	26	12.940375	13.243868	0.000000	0.000000	0.000000
lfht1	async multi1	friendster	10	26	12.942643	13.243615	0.000000	0.000000	0.000000
lfht1	async multi1	friendster	10	27	12.949983	13.248146	0.000000	0.000000	0.000000
lfht1	async multi1	friendster	10	27	12.957827	13.260074	0.000000	0.000000	0.000000
lfht1	async multi1	friendster	10	27	12.945388	13.245374	0.000000	0.000000	0.000000
lfht1	async multi1	friendster	10	27	12.990936	13.294917	0.000000	0.000000	0.000000
lfht1	async multi1	friendster	10	27	12.948953	13.251964	0.000000	0.000000	0.000000
lfht1	async multi1	friendster	10	28	13.409191	13.707334	0.000000	0.000000	0.000000
lfht1	async multi1	friendster	10	28	13.406110	13.709372	0.000000	0.000000	0.000000
lfht1	async multi1	friendster	10	28	13.407675	13.712091	0.000000	0.000000	0.000000
lfht1	async multi1	friendster	10	28	13.401962	13.706932	0.000000	0.000000	0.000000
lfht1	async multi1	friendster	10	28	13.442602	13.744096	0.000000	0.000000	0.000000
lfht1	async multi2	friendster	10	21	12.758304	13.315530	0.000000	0.000000	0.000000
lfht1	async multi2	friendster	10	21	12.755614	13.239058	0.000000	0.000000	0.000000
lfht1	async multi2	friendster	10	21	12.766070	13.254138	0.000000	0.000000	0.000000
lfht1	async multi2	friendster	10	21	12.754248	13.240928	0.000000	0.000000	0.000000
lfht1	async multi2	friendster	10	21	12.743380	13.214988	0.000000	0.000000	0.000000
lfht1	async multi2	friendster	10	22	12.748742	13.244258	0.000000	0.000000	0.000000
lfht1	async multi2	friendster	10	22	12.735935	13.222656	0.000000	0.000000	0.000000
lfht1	async multi2	friendster	10	22	12.766554	13.250058	0.000000	0.000000	0.000000
lfht1	async multi2	friendster	10	22	12.758658	13.250785	0.000000	0.000000	0.000000
lfht1	async multi2	friendster	10	22	12.740067	13.227929	0.000000	0.000000	0.000000
lfht1	async multi2	friendster	10	23	12.791153	13.286517	0.000000	0.000000	0.000000
lfht1	async multi2	friendster	10	23	12.770559	13.262618	0.000000	0.000000	0.000000
lfht1	async multi2	friendster	10	23	12.765862	13.253697	0.000000	0.000000	0.000000
lfht1	async multi2	friendster	10	23	12.749740	13.235521	0.000000	0.000000	0.000000
lfht1	async multi2	friendster	10	23	12.766845	13.253133	0.000000	0.000000	0.000000
lfht1	async multi2	friendster	10	24	12.714246	13.201220	0.000000	0.000000	0.000000
lfht1	async multi2	friendster	10	24	12.728103	13.214771	0.000000	0.000000	0.000000
lfht1	async multi2	friendster	10	24	12.731175	13.213611	0.000000	0.000000	0.000000
lfht1	async multi2	friendster	10	24	12.705760	13.188627	0.000000	0.000000	0.000000
lfht1	async multi2	friendster	10	24	12.749601	13.237652	0.000000	0.000000	0.000000
lfht1	async multi2	friendster	10	25	12.715964	13.200765	0.000000	0.000000	0.000000
lfht1	async multi2	friendster	10	25	12.729568	13.207847	0.000000	0.000000	0.000000
lfht1	async multi2	friendster	10	25	12.728903	13.214476	0.000000	0.000000	0.000000
lfht1	async multi2	friendster	10	25	12.722487	13.209141	0.000000	0.000000	0.000000
lfht1	async multi2	friendster	10	25	12.709219	13.199620	0.000000	0.000000	0.000000
lfht1	async multi2	friendster	10	26	12.750037	13.236910	0.000000	0.000000	0.000000
lfht1	async multi2	friendster	10	26	12.735049	13.220330	0.000000	0.000000	0.000000
lfht1	async multi2	friendster	10	26	12.742527	13.228896	0.000000	0.000000	0.000000
lfht1	async multi2	friendster	10	26	12.737934	13.224955	0.000000	0.000000	0.000000
lfht1	async multi2	friendster	10	26	12.749981	13.237662	0.000000	0.000000	0.000000
lfht1	async multi2	friendster	10	27	13.253813	13.737666	0.000000	0.000000	0.000000
lfht1	async multi2	friendster	10	27	13.260420	13.746850	0.000000	0.000000	0.000000
lfht1	async multi2	friendster	10	27	13.246830	13.756635	0.000000	0.000000	0.000000
lfht1	async multi2	friendster	10	27	13.247861	13.734752	0.000000	0.000000	0.000000
lfht1	async multi2	friendster	10	27	13.239163	13.724029	0.000000	0.000000	0.000000
lfht1	async multi2	friendster	10	28	12.905565	13.398583	0.000000	0.000000	0.000000
lfht1	async multi2	friendster	10	28	12.892336	13.381414	0.000000	0.000000	0.000000
lfht1	async multi2	friendster	10	28	12.880719	13.371997	0.000000	0.000000	0.000000
lfht1	async multi2	friendster	10	28	12.899218	13.388519	0.000000	0.000000	0.000000
lfht1	async multi2	friendster	10	28	12.896573	13.387237	0.000000	0.000000	0.000000
lfht1	async multi3	friendster	10	21	8.632975	9.323840	0.000000	0.000000	0.000000
lfht1	async multi3	friendster	10	21	8.639805	9.327128	0.000000	0.000000	0.000000
lfht1	async multi3	friendster	10	21	8.609120	9.293141	0.000000	0.000000	0.000000
lfht1	async multi3	friendster	10	21	8.628294	9.284837	0.000000	0.000000	0.000000
lfht1	async multi3	friendster	10	21	8.632617	9.315411	0.000000	0.000000	0.000000
lfht1	async multi3	friendster	10	22	8.605411	9.295028	0.000000	0.000000	0.000000
lfht1	async multi3	friendster	10	22	8.598559	9.285212	0.000000	0.000000	0.000000
lfht1	async multi3	friendster	10	22	8.602455	9.288173	0.000000	0.000000	0.000000
lfht1	async multi3	friendster	10	22	8.604960	9.295614	0.000000	0.000000	0.000000
lfht1	async multi3	friendster	10	22	8.601102	9.287892	0.000000	0.000000	0.000000
lfht1	async multi3	friendster	10	23	8.579649	9.264172	0.000000	0.000000	0.000000
lfht1	async multi3	friendster	10	23	8.576924	9.266707	0.000000	0.000000	0.000000
lfht1	async multi3	friendster	10	23	8.569001	9.241776	0.000000	0.000000	0.000000
lfht1	async multi3	friendster	10	23	8.575586	9.240738	0.000000	0.000000	0.000000
lfht1	async multi3	friendster	10	23	8.577079	9.258016	0.000000	0.000000	0.000000
lfht1	async multi3	friendster	10	24	8.589085	9.278038	0.000000	0.000000	0.000000
lfht1	async multi3	friendster	10	24	8.585158	9.275030	0.000000	0.000000	0.000000
lfht1	async multi3	friendster	10	24	8.602021	9.294840	0.000000	0.000000	0.000000
lfht1	async multi3	friendster	10	24	8.591054	9.281926	0.000000	0.000000	0.000000
lfht1	async multi3	friendster	10	24	8.583574	9.265422	0.000000	0.000000	0.000000
lfht1	async multi3	friendster	10	25	8.582146	9.266089	0.000000	0.000000	0.000000
lfht1	async multi3	friendster	10	25	8.579696	9.270033	0.000000	0.000000	0.000000
lfht1	async multi3	friendster	10	25	8.591540	9.281830	0.000000	0.000000	0.000000
lfht1	async multi3	friendster	10	25	8.594376	9.281966	0.000000	0.000000	0.000000
lfht1	async multi3	friendster	10	25	8.578770	9.263046	0.000000	0.000000	0.000000
lfht1	async multi3	friendster	10	26	8.598226	9.286884	0.000000	0.000000	0.000000
lfht1	async multi3	friendster	10	26	8.603400	9.284742	0.000000	0.000000	0.000000
lfht1	async multi3	friendster	10	26	8.600479	9.287292	0.000000	0.000000	0.000000
lfht1	async multi3	friendster	10	26	8.600396	9.284887	0.000000	0.000000	0.000000
lfht1	async multi3	friendster	10	26	8.596390	9.286898	0.000000	0.000000	0.000000
lfht1	async multi3	friendster	10	27	8.653467	9.321671	0.000000	0.000000	0.000000
lfht1	async multi3	friendster	10	27	8.664776	9.357174	0.000000	0.000000	0.000000
lfht1	async multi3	friendster	10	27	8.641635	9.296207	0.000000	0.000000	0.000000
lfht1	async multi3	friendster	10	27	8.663417	9.349136	0.000000	0.000000	0.000000
lfht1	async multi3	friendster	10	27	8.663380	9.348978	0.000000	0.000000	0.000000
lfht1	async multi3	friendster	10	28	9.193998	9.888370	0.000000	0.000000	0.000000
lfht1	async multi3	friendster	10	28	9.202506	9.887774	0.000000	0.000000	0.000000
lfht1	async multi3	friendster	10	28	9.176664	9.874187	0.000000	0.000000	0.000000
lfht1	async multi3	friendster	10	28	9.197408	9.893709	0.000000	0.000000	0.000000
lfht1	async multi3	friendster	10	28	9.211295	9.899740	0.000000	0.000000	0.000000
lfht1	async multi4	friendster	10	21	6.564646	7.499785	0.000000	0.000000	0.000000
lfht1	async multi4	friendster	10	21	6.560914	7.492686	0.000000	0.000000	0.000000
lfht1	async multi4	friendster	10	21	6.556375	7.473985	0.000000	0.000000	0.000000
lfht1	async multi4	friendster	10	21	6.557688	7.493880	0.000000	0.000000	0.000000
lfht1	async multi4	friendster	10	21	6.551007	7.486977	0.000000	0.000000	0.000000
lfht1	async multi4	friendster	10	22	6.497199	7.443551	0.000000	0.000000	0.000000
lfht1	async multi4	friendster	10	22	6.497205	7.434013	0.000000	0.000000	0.000000
lfht1	async multi4	friendster	10	22	6.493837	7.413776	0.000000	0.000000	0.000000
lfht1	async multi4	friendster	10	22	6.494512	7.430829	0.000000	0.000000	0.000000
lfht1	async multi4	friendster	10	22	6.502892	7.440367	0.000000	0.000000	0.000000
lfht1	async multi4	friendster	10	23	6.492994	7.425052	0.000000	0.000000	0.000000
lfht1	async multi4	friendster	10	23	6.481146	7.414028	0.000000	0.000000	0.000000
lfht1	async multi4	friendster	10	23	6.467055	7.386242	0.000000	0.000000	0.000000
lfht1	async multi4	friendster	10	23	6.494076	7.431488	0.000000	0.000000	0.000000
lfht1	async multi4	friendster	10	23	6.492018	7.432676	0.000000	0.000000	0.000000
lfht1	async multi4	friendster	10	24	6.461765	7.399256	0.000000	0.000000	0.000000
lfht1	async multi4	friendster	10	24	6.490247	7.405721	0.000000	0.000000	0.000000
lfht1	async multi4	friendster	10	24	6.493971	7.431201	0.000000	0.000000	0.000000
lfht1	async multi4	friendster	10	24	6.490368	7.427044	0.000000	0.000000	0.000000
lfht1	async multi4	friendster	10	24	6.480389	7.402567	0.000000	0.000000	0.000000
lfht1	async multi4	friendster	10	25	6.495605	7.428283	0.000000	0.000000	0.000000
lfht1	async multi4	friendster	10	25	6.501993	7.439362	0.000000	0.000000	0.000000
lfht1	async multi4	friendster	10	25	6.510848	7.450847	0.000000	0.000000	0.000000
lfht1	async multi4	friendster	10	25	6.484590	7.417511	0.000000	0.000000	0.000000
lfht1	async multi4	friendster	10	25	6.511825	7.455560	0.000000	0.000000	0.000000
lfht1	async multi4	friendster	10	26	6.759901	7.697878	0.000000	0.000000	0.000000
lfht1	async multi4	friendster	10	26	6.763120	7.661026	0.000000	0.000000	0.000000
lfht1	async multi4	friendster	10	26	6.760645	7.692271	0.000000	0.000000	0.000000
lfht1	async multi4	friendster	10	26	6.767600	7.699147	0.000000	0.000000	0.000000
lfht1	async multi4	friendster	10	26	6.768445	7.693981	0.000000	0.000000	0.000000
lfht1	async multi4	friendster	10	27	6.845946	7.788658	0.000000	0.000000	0.000000
lfht1	async multi4	friendster	10	27	6.835262	7.779465	0.000000	0.000000	0.000000
lfht1	async multi4	friendster	10	27	6.844442	7.790398	0.000000	0.000000	0.000000
lfht1	async multi4	friendster	10	27	6.836879	7.791305	0.000000	0.000000	0.000000
lfht1	async multi4	friendster	10	27	6.826203	7.775739	0.000000	0.000000	0.000000
lfht1	async multi4	friendster	10	28	7.877672	8.829258	0.000000	0.000000	0.000000
lfht1	async multi4	friendster	10	28	7.890077	8.819028	0.000000	0.000000	0.000000
lfht1	async multi4	friendster	10	28	7.883738	8.830520	0.000000	0.000000	0.000000
lfht1	async multi4	friendster	10	28	7.888294	8.835579	0.000000	0.000000	0.000000
lfht1	async multi4	friendster	10	28	7.887284	8.835246	0.000000	0.000000	0.000000
lfht1	async multi5	friendster	10	21	7.372845	8.580332	0.000000	0.000000	0.000000
lfht1	async multi5	friendster	10	21	7.364419	8.514272	0.000000	0.000000	0.000000
lfht1	async multi5	friendster	10	21	7.375166	8.520250	0.000000	0.000000	0.000000
lfht1	async multi5	friendster	10	21	7.374453	8.533458	0.000000	0.000000	0.000000
lfht1	async multi5	friendster	10	21	7.378115	8.521515	0.000000	0.000000	0.000000
lfht1	async multi5	friendster	10	22	7.038907	8.202738	0.000000	0.000000	0.000000
lfht1	async multi5	friendster	10	22	7.043233	8.198543	0.000000	0.000000	0.000000
lfht1	async multi5	friendster	10	22	7.043634	8.207326	0.000000	0.000000	0.000000
lfht1	async multi5	friendster	10	22	7.046096	8.195907	0.000000	0.000000	0.000000
lfht1	async multi5	friendster	10	22	7.055046	8.102836	0.000000	0.000000	0.000000
lfht1	async multi5	friendster	10	23	6.291921	7.440877	0.000000	0.000000	0.000000
lfht1	async multi5	friendster	10	23	6.302134	7.447985	0.000000	0.000000	0.000000
lfht1	async multi5	friendster	10	23	6.290980	7.440962	0.000000	0.000000	0.000000
lfht1	async multi5	friendster	10	23	6.304850	7.430192	0.000000	0.000000	0.000000
lfht1	async multi5	friendster	10	23	6.299048	7.440760	0.000000	0.000000	0.000000
lfht1	async multi5	friendster	10	24	5.990367	7.142608	0.000000	0.000000	0.000000
lfht1	async multi5	friendster	10	24	5.986138	7.140181	0.000000	0.000000	0.000000
lfht1	async multi5	friendster	10	24	5.991567	7.141905	0.000000	0.000000	0.000000
lfht1	async multi5	friendster	10	24	6.030350	7.180348	0.000000	0.000000	0.000000
lfht1	async multi5	friendster	10	24	5.999505	7.153309	0.000000	0.000000	0.000000
lfht1	async multi5	friendster	10	25	5.829431	6.981171	0.000000	0.000000	0.000000
lfht1	async multi5	friendster	10	25	5.787434	6.944995	0.000000	0.000000	0.000000
lfht1	async multi5	friendster	10	25	5.782719	6.924930	0.000000	0.000000	0.000000
lfht1	async multi5	friendster	10	25	5.782856	6.919709	0.000000	0.000000	0.000000
lfht1	async multi5	friendster	10	25	5.794742	6.947425	0.000000	0.000000	0.000000
lfht1	async multi5	friendster	10	26	5.746874	6.896576	0.000000	0.000000	0.000000
lfht1	async multi5	friendster	10	26	5.735743	6.899137	0.000000	0.000000	0.000000
lfht1	async multi5	friendster	10	26	5.775083	6.920851	0.000000	0.000000	0.000000
lfht1	async multi5	friendster	10	26	5.744119	6.901544	0.000000	0.000000	0.000000
lfht1	async multi5	friendster	10	26	5.740255	6.889965	0.000000	0.000000	0.000000
lfht1	async multi5	friendster	10	27	6.206590	7.369927	0.000000	0.000000	0.000000
lfht1	async multi5	friendster	10	27	6.210546	7.366275	0.000000	0.000000	0.000000
lfht1	async multi5	friendster	10	27	6.206481	7.317918	0.000000	0.000000	0.000000
lfht1	async multi5	friendster	10	27	6.208536	7.366723	0.000000	0.000000	0.000000
lfht1	async multi5	friendster	10	27	6.207500	7.357301	0.000000	0.000000	0.000000
lfht1	async multi5	friendster	10	28	6.452399	7.600759	0.000000	0.000000	0.000000
lfht1	async multi5	friendster	10	28	6.452163	7.605800	0.000000	0.000000	0.000000
lfht1	async multi5	friendster	10	28	6.456406	7.623658	0.000000	0.000000	0.000000
lfht1	async multi5	friendster	10	28	6.462958	7.635582	0.000000	0.000000	0.000000
lfht1	async multi5	friendster	10	28	6.546647	7.663457	0.000000	0.000000	0.000000
lfht1	async multi6	friendster	10	21	4.846747	6.273954	0.000000	0.000000	0.000000
lfht1	async multi6	friendster	10	21	4.873155	6.274746	0.000000	0.000000	0.000000
lfht1	async multi6	friendster	10	21	4.870668	6.299338	0.000000	0.000000	0.000000
lfht1	async multi6	friendster	10	21	4.845608	6.275909	0.000000	0.000000	0.000000
lfht1	async multi6	friendster	10	21	4.840479	6.276242	0.000000	0.000000	0.000000
lfht1	async multi6	friendster	10	22	4.616381	6.030788	0.000000	0.000000	0.000000
lfht1	async multi6	friendster	10	22	4.620830	6.038589	0.000000	0.000000	0.000000
lfht1	async multi6	friendster	10	22	4.614507	6.035661	0.000000	0.000000	0.000000
lfht1	async multi6	friendster	10	22	4.622014	6.045341	0.000000	0.000000	0.000000
lfht1	async multi6	friendster	10	22	4.606077	6.032679	0.000000	0.000000	0.000000
lfht1	async multi6	friendster	10	23	4.580195	5.951384	0.000000	0.000000	0.000000
lfht1	async multi6	friendster	10	23	4.575355	5.995541	0.000000	0.000000	0.000000
lfht1	async multi6	friendster	10	23	4.577824	5.981927	0.000000	0.000000	0.000000
lfht1	async multi6	friendster	10	23	4.580917	5.996761	0.000000	0.000000	0.000000
lfht1	async multi6	friendster	10	23	4.581986	6.006881	0.000000	0.000000	0.000000
lfht1	async multi6	friendster	10	24	4.561655	5.965950	0.000000	0.000000	0.000000
lfht1	async multi6	friendster	10	24	4.569205	6.001964	0.000000	0.000000	0.000000
lfht1	async multi6	friendster	10	24	4.587087	6.011322	0.000000	0.000000	0.000000
lfht1	async multi6	friendster	10	24	4.558872	5.958881	0.000000	0.000000	0.000000
lfht1	async multi6	friendster	10	24	4.562109	5.977622	0.000000	0.000000	0.000000
lfht1	async multi6	friendster	10	25	4.618163	6.036103	0.000000	0.000000	0.000000
lfht1	async multi6	friendster	10	25	4.614501	6.032834	0.000000	0.000000	0.000000
lfht1	async multi6	friendster	10	25	4.617728	6.045776	0.000000	0.000000	0.000000
lfht1	async multi6	friendster	10	25	4.619337	6.047243	0.000000	0.000000	0.000000
lfht1	async multi6	friendster	10	25	4.614780	6.029968	0.000000	0.000000	0.000000
lfht1	async multi6	friendster	10	26	4.634286	6.057990	0.000000	0.000000	0.000000
lfht1	async multi6	friendster	10	26	4.641424	6.044006	0.000000	0.000000	0.000000
lfht1	async multi6	friendster	10	26	4.660167	6.084856	0.000000	0.000000	0.000000
lfht1	async multi6	friendster	10	26	4.645988	6.035351	0.000000	0.000000	0.000000
lfht1	async multi6	friendster	10	26	4.652497	6.083357	0.000000	0.000000	0.000000
lfht1	async multi6	friendster	10	27	5.224862	6.659657	0.000000	0.000000	0.000000
lfht1	async multi6	friendster	10	27	5.203861	6.646676	0.000000	0.000000	0.000000
lfht1	async multi6	friendster	10	27	5.244426	6.681982	0.000000	0.000000	0.000000
lfht1	async multi6	friendster	10	27	5.218584	6.652062	0.000000	0.000000	0.000000
lfht1	async multi6	friendster	10	27	5.206129	6.636707	0.000000	0.000000	0.000000
lfht1	async multi6	friendster	10	28	6.363629	7.752575	0.000000	0.000000	0.000000
lfht1	async multi6	friendster	10	28	6.346243	7.784771	0.000000	0.000000	0.000000
lfht1	async multi6	friendster	10	28	6.351667	7.794023	0.000000	0.000000	0.000000
lfht1	async multi6	friendster	10	28	6.364451	7.778263	0.000000	0.000000	0.000000
lfht1	async multi6	friendster	10	28	6.360305	7.807933	0.000000	0.000000	0.000000
lfht1	async multi7	friendster	10	21	4.543868	6.228386	0.000000	0.000000	0.000000
lfht1	async multi7	friendster	10	21	4.540643	6.230413	0.000000	0.000000	0.000000
lfht1	async multi7	friendster	10	21	4.550526	6.248834	0.000000	0.000000	0.000000
lfht1	async multi7	friendster	10	21	4.540651	6.226659	0.000000	0.000000	0.000000
lfht1	async multi7	friendster	10	21	4.546271	6.245865	0.000000	0.000000	0.000000
lfht1	async multi7	friendster	10	22	4.163058	5.803972	0.000000	0.000000	0.000000
lfht1	async multi7	friendster	10	22	4.180185	5.846474	0.000000	0.000000	0.000000
lfht1	async multi7	friendster	10	22	4.164461	5.867892	0.000000	0.000000	0.000000
lfht1	async multi7	friendster	10	22	4.166307	5.867969	0.000000	0.000000	0.000000
lfht1	async multi7	friendster	10	22	4.182958	5.871743	0.000000	0.000000	0.000000
lfht1	async multi7	friendster	10	23	4.136364	5.828280	0.000000	0.000000	0.000000
lfht1	async multi7	friendster	10	23	4.136732	5.828822	0.000000	0.000000	0.000000
lfht1	async multi7	friendster	10	23	4.128917	5.795245	0.000000	0.000000	0.000000
lfht1	async multi7	friendster	10	23	4.138448	5.805258	0.000000	0.000000	0.000000
lfht1	async multi7	friendster	10	23	4.125287	5.818096	0.000000	0.000000	0.000000
lfht1	async multi7	friendster	10	24	4.118997	5.813833	0.000000	0.000000	0.000000
lfht1	async multi7	friendster	10	24	4.125556	5.793080	0.000000	0.000000	0.000000
lfht1	async multi7	friendster	10	24	4.143474	5.838803	0.000000	0.000000	0.000000
lfht1	async multi7	friendster	10	24	4.119355	5.807150	0.000000	0.000000	0.000000
lfht1	async multi7	friendster	10	24	4.129686	5.816934	0.000000	0.000000	0.000000
lfht1	async multi7	friendster	10	25	4.347456	6.026989	0.000000	0.000000	0.000000
lfht1	async multi7	friendster	10	25	4.351770	6.042429	0.000000	0.000000	0.000000
lfht1	async multi7	friendster	10	25	4.348387	6.021675	0.000000	0.000000	0.000000
lfht1	async multi7	friendster	10	25	4.361970	6.052810	0.000000	0.000000	0.000000
lfht1	async multi7	friendster	10	25	4.356752	6.033088	0.000000	0.000000	0.000000
lfht1	async multi7	friendster	10	26	4.358027	6.041724	0.000000	0.000000	0.000000
lfht1	async multi7	friendster	10	26	4.361691	6.041640	0.000000	0.000000	0.000000
lfht1	async multi7	friendster	10	26	4.368260	6.061806	0.000000	0.000000	0.000000
lfht1	async multi7	friendster	10	26	4.358459	6.055640	0.000000	0.000000	0.000000
lfht1	async multi7	friendster	10	26	4.347624	6.034455	0.000000	0.000000	0.000000
lfht1	async multi7	friendster	10	27	4.413026	6.103892	0.000000	0.000000	0.000000
lfht1	async multi7	friendster	10	27	4.406884	6.098149	0.000000	0.000000	0.000000
lfht1	async multi7	friendster	10	27	4.407429	6.110256	0.000000	0.000000	0.000000
lfht1	async multi7	friendster	10	27	4.412730	6.114267	0.000000	0.000000	0.000000
lfht1	async multi7	friendster	10	27	4.381222	6.086991	0.000000	0.000000	0.000000
lfht1	async multi7	friendster	10	28	4.556986	6.272338	0.000000	0.000000	0.000000
lfht1	async multi7	friendster	10	28	4.558816	6.278838	0.000000	0.000000	0.000000
lfht1	async multi7	friendster	10	28	4.541106	6.267926	0.000000	0.000000	0.000000
lfht1	async multi7	friendster	10	28	4.557242	6.273956	0.000000	0.000000	0.000000
lfht1	async multi7	friendster	10	28	4.552950	6.254640	0.000000	0.000000	0.000000
lfht1	async multi8	friendster	10	21	4.252500	6.292052	0.000000	0.000000	0.000000
lfht1	async multi8	friendster	10	21	4.289553	6.345654	0.000000	0.000000	0.000000
lfht1	async multi8	friendster	10	21	4.245833	6.286650	0.000000	0.000000	0.000000
lfht1	async multi8	friendster	10	21	4.249695	6.297135	0.000000	0.000000	0.000000
lfht1	async multi8	friendster	10	21	4.278589	6.331738	0.000000	0.000000	0.000000
lfht1	async multi8	friendster	10	22	3.866685	5.918172	0.000000	0.000000	0.000000
lfht1	async multi8	friendster	10	22	3.847679	5.882632	0.000000	0.000000	0.000000
lfht1	async multi8	friendster	10	22	3.868230	5.880753	0.000000	0.000000	0.000000
lfht1	async multi8	friendster	10	22	3.844210	5.905535	0.000000	0.000000	0.000000
lfht1	async multi8	friendster	10	22	3.842557	5.897564	0.000000	0.000000	0.000000
lfht1	async multi8	friendster	10	23	3.732490	5.758734	0.000000	0.000000	0.000000
lfht1	async multi8	friendster	10	23	3.732366	5.778936	0.000000	0.000000	0.000000
lfht1	async multi8	friendster	10	23	3.757472	5.772670	0.000000	0.000000	0.000000
lfht1	async multi8	friendster	10	23	3.753041	5.693034	0.000000	0.000000	0.000000
lfht1	async multi8	friendster	10	23	3.759812	5.742288	0.000000	0.000000	0.000000
lfht1	async multi8	friendster	10	24	3.773086	5.788342	0.000000	0.000000	0.000000
lfht1	async multi8	friendster	10	24	3.773964	5.787394	0.000000	0.000000	0.000000
lfht1	async multi8	friendster	10	24	3.780354	5.802191	0.000000	0.000000	0.000000
lfht1	async multi8	friendster	10	24	3.788951	5.804289	0.000000	0.000000	0.000000
lfht1	async multi8	friendster	10	24	3.765370	5.817567	0.000000	0.000000	0.000000
lfht1	async multi8	friendster	10	25	3.971602	5.986342	0.000000	0.000000	0.000000
lfht1	async multi8	friendster	10	25	3.974906	5.976740	0.000000	0.000000	0.000000
lfht1	async multi8	friendster	10	25	3.973387	6.031505	0.000000	0.000000	0.000000
lfht1	async multi8	friendster	10	25	3.969198	6.081397	0.000000	0.000000	0.000000
lfht1	async multi8	friendster	10	25	3.968370	6.015816	0.000000	0.000000	0.000000
lfht1	async multi8	friendster	10	26	4.019348	6.055350	0.000000	0.000000	0.000000
lfht1	async multi8	friendster	10	26	4.018908	6.062895	0.000000	0.000000	0.000000
lfht1	async multi8	friendster	10	26	4.010998	6.081317	0.000000	0.000000	0.000000
lfht1	async multi8	friendster	10	26	4.013423	6.068589	0.000000	0.000000	0.000000
lfht1	async multi8	friendster	10	26	4.012407	6.079922	0.000000	0.000000	0.000000
lfht1	async multi8	friendster	10	27	4.620106	6.685432	0.000000	0.000000	0.000000
lfht1	async multi8	friendster	10	27	4.602592	6.779710	0.000000	0.000000	0.000000
lfht1	async multi8	friendster	10	27	4.624673	6.707361	0.000000	0.000000	0.000000
lfht1	async multi8	friendster	10	27	4.622953	6.528273	0.000000	0.000000	0.000000
lfht1	async multi8	friendster	10	27	4.627322	6.671590	0.000000	0.000000	0.000000
lfht1	async multi8	friendster	10	28	4.727689	6.700789	0.000000	0.000000	0.000000
lfht1	async multi8	friendster	10	28	4.706302	6.746639	0.000000	0.000000	0.000000
lfht1	async multi8	friendster	10	28	4.707518	6.799034	0.000000	0.000000	0.000000
lfht1	async multi8	friendster	10	28	4.698542	6.790406	0.000000	0.000000	0.000000
lfht1	async multi8	friendster	10	28	4.740088	6.820137	0.000000	0.000000	0.000000
lfht1	async multi1	uk	10	21	33.415246	33.760728	0.000000	0.000000	0.000000
lfht1	async multi1	uk	10	21	33.641836	33.987672	0.000000	0.000000	0.000000
lfht1	async multi1	uk	10	21	33.411993	33.768401	0.000000	0.000000	0.000000
lfht1	async multi1	uk	10	21	33.425459	33.769698	0.000000	0.000000	0.000000
lfht1	async multi1	uk	10	21	33.430545	33.780627	0.000000	0.000000	0.000000
lfht1	async multi1	uk	10	22	27.714190	28.061562	0.000000	0.000000	0.000000
lfht1	async multi1	uk	10	22	27.708291	28.051650	0.000000	0.000000	0.000000
lfht1	async multi1	uk	10	22	27.791245	28.133692	0.000000	0.000000	0.000000
lfht1	async multi1	uk	10	22	27.717075	28.061236	0.000000	0.000000	0.000000
lfht1	async multi1	uk	10	22	27.836341	28.185715	0.000000	0.000000	0.000000
lfht1	async multi1	uk	10	23	25.409944	25.754541	0.000000	0.000000	0.000000
lfht1	async multi1	uk	10	23	25.472858	25.816241	0.000000	0.000000	0.000000
lfht1	async multi1	uk	10	23	25.422734	25.768054	0.000000	0.000000	0.000000
lfht1	async multi1	uk	10	23	25.426333	25.782339	0.000000	0.000000	0.000000
lfht1	async multi1	uk	10	23	25.544356	25.891868	0.000000	0.000000	0.000000
lfht1	async multi1	uk	10	24	24.279266	24.621486	0.000000	0.000000	0.000000
lfht1	async multi1	uk	10	24	24.271848	24.616569	0.000000	0.000000	0.000000
lfht1	async multi1	uk	10	24	24.276434	24.621575	0.000000	0.000000	0.000000
lfht1	async multi1	uk	10	24	24.307110	24.656901	0.000000	0.000000	0.000000
lfht1	async multi1	uk	10	24	24.293682	24.642164	0.000000	0.000000	0.000000
lfht1	async multi1	uk	10	25	23.629864	23.973013	0.000000	0.000000	0.000000
lfht1	async multi1	uk	10	25	23.609318	23.957466	0.000000	0.000000	0.000000
lfht1	async multi1	uk	10	25	23.622971	23.967062	0.000000	0.000000	0.000000
lfht1	async multi1	uk	10	25	23.625670	23.970594	0.000000	0.000000	0.000000
lfht1	async multi1	uk	10	25	23.617985	23.972051	0.000000	0.000000	0.000000
lfht1	async multi1	uk	10	26	23.336598	23.682889	0.000000	0.000000	0.000000
lfht1	async multi1	uk	10	26	23.371094	23.720574	0.000000	0.000000	0.000000
lfht1	async multi1	uk	10	26	23.382838	23.741573	0.000000	0.000000	0.000000
lfht1	async multi1	uk	10	26	23.341730	23.689390	0.000000	0.000000	0.000000
lfht1	async multi1	uk	10	26	23.340661	23.687425	0.000000	0.000000	0.000000
lfht1	async multi1	uk	10	27	23.256243	23.601596	0.000000	0.000000	0.000000
lfht1	async multi1	uk	10	27	23.250295	23.595947	0.000000	0.000000	0.000000
lfht1	async multi1	uk	10	27	23.286942	23.631948	0.000000	0.000000	0.000000
lfht1	async multi1	uk	10	27	23.252705	23.606159	0.000000	0.000000	0.000000
lfht1	async multi1	uk	10	27	23.250401	23.598583	0.000000	0.000000	0.000000
lfht1	async multi1	uk	10	28	23.136572	23.492482	0.000000	0.000000	0.000000
lfht1	async multi1	uk	10	28	23.194926	23.540883	0.000000	0.000000	0.000000
lfht1	async multi1	uk	10	28	23.140301	23.487995	0.000000	0.000000	0.000000
lfht1	async multi1	uk	10	28	23.134963	23.481356	0.000000	0.000000	0.000000
lfht1	async multi1	uk	10	28	23.131807	23.485902	0.000000	0.000000	0.000000
lfht1	async multi2	uk	10	21	27.541788	29.170408	0.000000	0.000000	0.000000
lfht1	async multi2	uk	10	21	27.527580	28.123963	0.000000	0.000000	0.000000
lfht1	async multi2	uk	10	21	27.568572	28.159287	0.000000	0.000000	0.000000
lfht1	async multi2	uk	10	21	27.547481	28.193809	0.000000	0.000000	0.000000
lfht1	async multi2	uk	10	21	27.545246	28.144621	0.000000	0.000000	0.000000
lfht1	async multi2	uk	10	22	25.271652	25.865397	0.000000	0.000000	0.000000
lfht1	async multi2	uk	10	22	25.274411	25.865376	0.000000	0.000000	0.000000
lfht1	async multi2	uk	10	22	25.295579	25.889057	0.000000	0.000000	0.000000
lfht1	async multi2	uk	10	22	25.287243	25.879949	0.000000	0.000000	0.000000
lfht1	async multi2	uk	10	22	25.241599	25.886893	0.000000	0.000000	0.000000
lfht1	async multi2	uk	10	23	24.012258	24.605804	0.000000	0.000000	0.000000
lfht1	async multi2	uk	10	23	24.002809	24.597120	0.000000	0.000000	0.000000
lfht1	async multi2	uk	10	23	23.983566	24.579438	0.000000	0.000000	0.000000
lfht1	async multi2	uk	10	23	24.009517	24.609627	0.000000	0.000000	0.000000
lfht1	async multi2	uk	10	23	23.976754	24.578734	0.000000	0.000000	0.000000
lfht1	async multi2	uk	10	24	23.510289	24.104165	0.000000	0.000000	0.000000
lfht1	async multi2	uk	10	24	23.481292	24.072591	0.000000	0.000000	0.000000
lfht1	async multi2	uk	10	24	23.531068	24.123697	0.000000	0.000000	0.000000
lfht1	async multi2	uk	10	24	23.469114	24.062847	0.000000	0.000000	0.000000
lfht1	async multi2	uk	10	24	23.446312	24.044240	0.000000	0.000000	0.000000
lfht1	async multi2	uk	10	25	23.324006	23.914211	0.000000	0.000000	0.000000
lfht1	async multi2	uk	10	25	23.325898	23.926130	0.000000	0.000000	0.000000
lfht1	async multi2	uk	10	25	23.318976	23.911524	0.000000	0.000000	0.000000
lfht1	async multi2	uk	10	25	23.344926	23.941983	0.000000	0.000000	0.000000
lfht1	async multi2	uk	10	25	23.338553	23.933211	0.000000	0.000000	0.000000
lfht1	async multi2	uk	10	26	23.375274	23.975128	0.000000	0.000000	0.000000
lfht1	async multi2	uk	10	26	23.375998	23.968790	0.000000	0.000000	0.000000
lfht1	async multi2	uk	10	26	23.369369	23.967248	0.000000	0.000000	0.000000
lfht1	async multi2	uk	10	26	23.393999	23.995458	0.000000	0.000000	0.000000
lfht1	async multi2	uk	10	26	23.403162	24.001456	0.000000	0.000000	0.000000
lfht1	async multi2	uk	10	27	23.158822	23.755932	0.000000	0.000000	0.000000
lfht1	async multi2	uk	10	27	23.195385	23.788413	0.000000	0.000000	0.000000
lfht1	async multi2	uk	10	27	23.157129	23.755625	0.000000	0.000000	0.000000
lfht1	async multi2	uk	10	27	23.162366	23.764727	0.000000	0.000000	0.000000
lfht1	async multi2	uk	10	27	23.193516	23.792242	0.000000	0.000000	0.000000
lfht1	async multi2	uk	10	28	24.200046	24.801067	0.000000	0.000000	0.000000
lfht1	async multi2	uk	10	28	24.191904	24.787282	0.000000	0.000000	0.000000
lfht1	async multi2	uk	10	28	24.186010	24.788546	0.000000	0.000000	0.000000
lfht1	async multi2	uk	10	28	24.199519	24.800855	0.000000	0.000000	0.000000
lfht1	async multi2	uk	10	28	24.215940	24.811455	0.000000	0.000000	0.000000
lfht1	async multi3	uk	10	21	20.008919	20.941878	0.000000	0.000000	0.000000
lfht1	async multi3	uk	10	21	19.994649	20.861060	0.000000	0.000000	0.000000
lfht1	async multi3	uk	10	21	20.021448	20.841477	0.000000	0.000000	0.000000
lfht1	async multi3	uk	10	21	20.009338	20.878862	0.000000	0.000000	0.000000
lfht1	async multi3	uk	10	21	19.984679	20.850061	0.000000	0.000000	0.000000
lfht1	async multi3	uk	10	22	17.622447	18.491549	0.000000	0.000000	0.000000
lfht1	async multi3	uk	10	22	17.611657	18.479020	0.000000	0.000000	0.000000
lfht1	async multi3	uk	10	22	17.622860	18.490230	0.000000	0.000000	0.000000
lfht1	async multi3	uk	10	22	17.607869	18.480044	0.000000	0.000000	0.000000
lfht1	async multi3	uk	10	22	17.621015	18.489522	0.000000	0.000000	0.000000
lfht1	async multi3	uk	10	23	16.358188	17.216895	0.000000	0.000000	0.000000
lfht1	async multi3	uk	10	23	16.366149	17.177256	0.000000	0.000000	0.000000
lfht1	async multi3	uk	10	23	16.347258	17.210327	0.000000	0.000000	0.000000
lfht1	async multi3	uk	10	23	16.359432	17.231872	0.000000	0.000000	0.000000
lfht1	async multi3	uk	10	23	16.351357	17.212199	0.000000	0.000000	0.000000
lfht1	async multi3	uk	10	24	15.957434	16.778745	0.000000	0.000000	0.000000
lfht1	async multi3	uk	10	24	15.954807	16.823849	0.000000	0.000000	0.000000
lfht1	async multi3	uk	10	24	15.947145	16.810444	0.000000	0.000000	0.000000
lfht1	async multi3	uk	10	24	15.945275	16.802761	0.000000	0.000000	0.000000
lfht1	async multi3	uk	10	24	15.952954	16.816336	0.000000	0.000000	0.000000
lfht1	async multi3	uk	10	25	15.709502	16.573658	0.000000	0.000000	0.000000
lfht1	async multi3	uk	10	25	15.709941	16.573923	0.000000	0.000000	0.000000
lfht1	async multi3	uk	10	25	15.715218	16.584901	0.000000	0.000000	0.000000
lfht1	async multi3	uk	10	25	15.737688	16.601899	0.000000	0.000000	0.000000
lfht1	async multi3	uk	10	25	15.725255	16.596538	0.000000	0.000000	0.000000
lfht1	async multi3	uk	10	26	15.689358	16.552526	0.000000	0.000000	0.000000
lfht1	async multi3	uk	10	26	15.689348	16.563694	0.000000	0.000000	0.000000
lfht1	async multi3	uk	10	26	15.662165	16.533198	0.000000	0.000000	0.000000
lfht1	async multi3	uk	10	26	15.684545	16.557094	0.000000	0.000000	0.000000
lfht1	async multi3	uk	10	26	15.698549	16.527247	0.000000	0.000000	0.000000
lfht1	async multi3	uk	10	27	15.816752	16.680892	0.000000	0.000000	0.000000
lfht1	async multi3	uk	10	27	15.816941	16.683870	0.000000	0.000000	0.000000
lfht1	async multi3	uk	10	27	15.811090	16.678284	0.000000	0.000000	0.000000
lfht1	async multi3	uk	10	27	15.777185	16.647122	0.000000	0.000000	0.000000
lfht1	async multi3	uk	10	27	15.799320	16.665580	0.000000	0.000000	0.000000
lfht1	async multi3	uk	10	28	16.867739	17.737315	0.000000	0.000000	0.000000
lfht1	async multi3	uk	10	28	16.851001	17.728122	0.000000	0.000000	0.000000
lfht1	async multi3	uk	10	28	16.818987	17.689270	0.000000	0.000000	0.000000
lfht1	async multi3	uk	10	28	16.839126	17.709373	0.000000	0.000000	0.000000
lfht1	async multi3	uk	10	28	16.848682	17.716164	0.000000	0.000000	0.000000
lfht1	async multi4	uk	10	21	16.224402	17.362215	0.000000	0.000000	0.000000
lfht1	async multi4	uk	10	21	16.218005	17.398955	0.000000	0.000000	0.000000
lfht1	async multi4	uk	10	21	16.226468	17.421833	0.000000	0.000000	0.000000
lfht1	async multi4	uk	10	21	16.220746	17.408962	0.000000	0.000000	0.000000
lfht1	async multi4	uk	10	21	16.230638	17.411915	0.000000	0.000000	0.000000
lfht1	async multi4	uk	10	22	13.882583	15.067819	0.000000	0.000000	0.000000
lfht1	async multi4	uk	10	22	13.885228	15.074730	0.000000	0.000000	0.000000
lfht1	async multi4	uk	10	22	13.873737	15.052744	0.000000	0.000000	0.000000
lfht1	async multi4	uk	10	22	13.897399	15.094409	0.000000	0.000000	0.000000
lfht1	async multi4	uk	10	22	13.885274	15.064413	0.000000	0.000000	0.000000
lfht1	async multi4	uk	10	23	12.621668	13.808123	0.000000	0.000000	0.000000
lfht1	async multi4	uk	10	23	12.627641	13.811219	0.000000	0.000000	0.000000
lfht1	async multi4	uk	10	23	12.614943	13.803909	0.000000	0.000000	0.000000
lfht1	async multi4	uk	10	23	12.623324	13.805325	0.000000	0.000000	0.000000
lfht1	async multi4	uk	10	23	12.616403	13.800225	0.000000	0.000000	0.000000
lfht1	async multi4	uk	10	24	12.162621	13.353772	0.000000	0.000000	0.000000
lfht1	async multi4	uk	10	24	12.158698	13.347045	0.000000	0.000000	0.000000
lfht1	async multi4	uk	10	24	12.166128	13.364388	0.000000	0.000000	0.000000
lfht1	async multi4	uk	10	24	12.129034	13.306145	0.000000	0.000000	0.000000
lfht1	async multi4	uk	10	24	12.157003	13.351311	0.000000	0.000000	0.000000
lfht1	async multi4	uk	10	25	12.062052	13.239484	0.000000	0.000000	0.000000
lfht1	async multi4	uk	10	25	12.073626	13.263854	0.000000	0.000000	0.000000
lfht1	async multi4	uk	10	25	12.057545	13.249888	0.000000	0.000000	0.000000
lfht1	async multi4	uk	10	25	12.065470	13.256660	0.000000	0.000000	0.000000
lfht1	async multi4	uk	10	25	12.050089	13.226782	0.000000	0.000000	0.000000
lfht1	async multi4	uk	10	26	12.013818	13.205076	0.000000	0.000000	0.000000
lfht1	async multi4	uk	10	26	12.007135	13.162141	0.000000	0.000000	0.000000
lfht1	async multi4	uk	10	26	11.995474	13.178133	0.000000	0.000000	0.000000
lfht1	async multi4	uk	10	26	12.013541	13.209463	0.000000	0.000000	0.000000
lfht1	async multi4	uk	10	26	12.006536	13.256619	0.000000	0.000000	0.000000
lfht1	async multi4	uk	10	27	12.513462	13.706304	0.000000	0.000000	0.000000
lfht1	async multi4	uk	10	27	12.503591	13.696933	0.000000	0.000000	0.000000
lfht1	async multi4	uk	10	27	12.496919	13.701052	0.000000	0.000000	0.000000
lfht1	async multi4	uk	10	27	12.510621	13.701784	0.000000	0.000000	0.000000
lfht1	async multi4	uk	10	27	12.523608	13.711854	0.000000	0.000000	0.000000
lfht1	async multi4	uk	10	28	13.610524	14.810933	0.000000	0.000000	0.000000
lfht1	async multi4	uk	10	28	13.580539	14.787843	0.000000	0.000000	0.000000
lfht1	async multi4	uk	10	28	13.567857	14.769344	0.000000	0.000000	0.000000
lfht1	async multi4	uk	10	28	13.603648	14.795523	0.000000	0.000000	0.000000
lfht1	async multi4	uk	10	28	13.585290	14.786920	0.000000	0.000000	0.000000
lfht1	async multi5	uk	10	21	18.353197	19.912496	0.000000	0.000000	0.000000
lfht1	async multi5	uk	10	21	18.344375	19.810021	0.000000	0.000000	0.000000
lfht1	async multi5	uk	10	21	18.355285	19.852285	0.000000	0.000000	0.000000
lfht1	async multi5	uk	10	21	18.355564	19.811540	0.000000	0.000000	0.000000
lfht1	async multi5	uk	10	21	18.370108	19.861229	0.000000	0.000000	0.000000
lfht1	async multi5	uk	10	22	15.104327	16.604257	0.000000	0.000000	0.000000
lfht1	async multi5	uk	10	22	15.082810	16.572308	0.000000	0.000000	0.000000
lfht1	async multi5	uk	10	22	15.060552	16.557846	0.000000	0.000000	0.000000
lfht1	async multi5	uk	10	22	15.064322	16.552950	0.000000	0.000000	0.000000
lfht1	async multi5	uk	10	22	15.101446	16.532612	0.000000	0.000000	0.000000
lfht1	async multi5	uk	10	23	13.022982	14.508999	0.000000	0.000000	0.000000
lfht1	async multi5	uk	10	23	13.000261	14.496698	0.000000	0.000000	0.000000
lfht1	async multi5	uk	10	23	12.996064	14.498987	0.000000	0.000000	0.000000
lfht1	async multi5	uk	10	23	13.002145	14.488464	0.000000	0.000000	0.000000
lfht1	async multi5	uk	10	23	13.010276	14.462112	0.000000	0.000000	0.000000
lfht1	async multi5	uk	10	24	11.195638	12.687492	0.000000	0.000000	0.000000
lfht1	async multi5	uk	10	24	11.185200	12.685222	0.000000	0.000000	0.000000
lfht1	async multi5	uk	10	24	11.181954	12.674032	0.000000	0.000000	0.000000
lfht1	async multi5	uk	10	24	11.182597	12.679513	0.000000	0.000000	0.000000
lfht1	async multi5	uk	10	24	11.176056	12.671123	0.000000	0.000000	0.000000
lfht1	async multi5	uk	10	25	10.578405	12.075424	0.000000	0.000000	0.000000
lfht1	async multi5	uk	10	25	10.590514	12.078611	0.000000	0.000000	0.000000
lfht1	async multi5	uk	10	25	10.591673	12.067029	0.000000	0.000000	0.000000
lfht1	async multi5	uk	10	25	10.594619	12.087428	0.000000	0.000000	0.000000
lfht1	async multi5	uk	10	25	10.588513	12.035227	0.000000	0.000000	0.000000
lfht1	async multi5	uk	10	26	10.261339	11.760508	0.000000	0.000000	0.000000
lfht1	async multi5	uk	10	26	10.247287	11.739267	0.000000	0.000000	0.000000
lfht1	async multi5	uk	10	26	10.257740	11.704846	0.000000	0.000000	0.000000
lfht1	async multi5	uk	10	26	10.355383	11.851938	0.000000	0.000000	0.000000
lfht1	async multi5	uk	10	26	10.230939	11.696328	0.000000	0.000000	0.000000
lfht1	async multi5	uk	10	27	9.845335	11.346393	0.000000	0.000000	0.000000
lfht1	async multi5	uk	10	27	9.837867	11.346861	0.000000	0.000000	0.000000
lfht1	async multi5	uk	10	27	9.850259	11.351039	0.000000	0.000000	0.000000
lfht1	async multi5	uk	10	27	9.844593	11.345749	0.000000	0.000000	0.000000
lfht1	async multi5	uk	10	27	9.845990	11.313586	0.000000	0.000000	0.000000
lfht1	async multi5	uk	10	28	10.296879	11.807332	0.000000	0.000000	0.000000
lfht1	async multi5	uk	10	28	10.293097	11.804925	0.000000	0.000000	0.000000
lfht1	async multi5	uk	10	28	10.293730	11.797363	0.000000	0.000000	0.000000
lfht1	async multi5	uk	10	28	10.305983	11.805367	0.000000	0.000000	0.000000
lfht1	async multi5	uk	10	28	10.288108	11.811739	0.000000	0.000000	0.000000
lfht1	async multi6	uk	10	21	12.899543	15.880718	0.000000	0.000000	0.000000
lfht1	async multi6	uk	10	21	12.917494	14.715771	0.000000	0.000000	0.000000
lfht1	async multi6	uk	10	21	12.899109	14.729230	0.000000	0.000000	0.000000
lfht1	async multi6	uk	10	21	12.912789	14.709480	0.000000	0.000000	0.000000
lfht1	async multi6	uk	10	21	12.906713	14.692799	0.000000	0.000000	0.000000
lfht1	async multi6	uk	10	22	10.526224	12.326871	0.000000	0.000000	0.000000
lfht1	async multi6	uk	10	22	10.530790	12.346490	0.000000	0.000000	0.000000
lfht1	async multi6	uk	10	22	10.531561	12.360517	0.000000	0.000000	0.000000
lfht1	async multi6	uk	10	22	10.528905	12.344022	0.000000	0.000000	0.000000
lfht1	async multi6	uk	10	22	10.541532	12.383756	0.000000	0.000000	0.000000
lfht1	async multi6	uk	10	23	9.232416	11.048124	0.000000	0.000000	0.000000
lfht1	async multi6	uk	10	23	9.226687	11.070903	0.000000	0.000000	0.000000
lfht1	async multi6	uk	10	23	9.226876	11.069430	0.000000	0.000000	0.000000
lfht1	async multi6	uk	10	23	9.242342	11.088935	0.000000	0.000000	0.000000
lfht1	async multi6	uk	10	23	9.226844	11.076310	0.000000	0.000000	0.000000
lfht1	async multi6	uk	10	24	8.663826	10.511022	0.000000	0.000000	0.000000
lfht1	async multi6	uk	10	24	8.672477	10.515903	0.000000	0.000000	0.000000
lfht1	async multi6	uk	10	24	8.666743	10.521865	0.000000	0.000000	0.000000
lfht1	async multi6	uk	10	24	8.672933	10.482668	0.000000	0.000000	0.000000
lfht1	async multi6	uk	10	24	8.658355	10.488053	0.000000	0.000000	0.000000
lfht1	async multi6	uk	10	25	8.503957	10.286316	0.000000	0.000000	0.000000
lfht1	async multi6	uk	10	25	8.498889	10.313386	0.000000	0.000000	0.000000
lfht1	async multi6	uk	10	25	8.484113	10.347151	0.000000	0.000000	0.000000
lfht1	async multi6	uk	10	25	8.491545	10.340786	0.000000	0.000000	0.000000
lfht1	async multi6	uk	10	25	8.491670	10.336016	0.000000	0.000000	0.000000
lfht1	async multi6	uk	10	26	8.767793	10.555547	0.000000	0.000000	0.000000
lfht1	async multi6	uk	10	26	8.776366	10.628247	0.000000	0.000000	0.000000
lfht1	async multi6	uk	10	26	8.769824	10.588889	0.000000	0.000000	0.000000
lfht1	async multi6	uk	10	26	8.771939	10.621528	0.000000	0.000000	0.000000
lfht1	async multi6	uk	10	26	8.768600	10.608202	0.000000	0.000000	0.000000
lfht1	async multi6	uk	10	27	9.272226	11.134914	0.000000	0.000000	0.000000
lfht1	async multi6	uk	10	27	9.280933	11.141376	0.000000	0.000000	0.000000
lfht1	async multi6	uk	10	27	9.267282	11.124195	0.000000	0.000000	0.000000
lfht1	async multi6	uk	10	27	9.273881	11.045247	0.000000	0.000000	0.000000
lfht1	async multi6	uk	10	27	9.277588	11.115584	0.000000	0.000000	0.000000
lfht1	async multi6	uk	10	28	10.403456	12.287006	0.000000	0.000000	0.000000
lfht1	async multi6	uk	10	28	10.406889	12.273639	0.000000	0.000000	0.000000
lfht1	async multi6	uk	10	28	10.399266	12.236808	0.000000	0.000000	0.000000
lfht1	async multi6	uk	10	28	10.410617	12.232222	0.000000	0.000000	0.000000
lfht1	async multi6	uk	10	28	10.403198	12.240857	0.000000	0.000000	0.000000
lfht1	async multi7	uk	10	21	12.086314	14.252737	0.000000	0.000000	0.000000
lfht1	async multi7	uk	10	21	12.120257	14.305967	0.000000	0.000000	0.000000
lfht1	async multi7	uk	10	21	12.126432	14.333513	0.000000	0.000000	0.000000
lfht1	async multi7	uk	10	21	12.122655	14.319877	0.000000	0.000000	0.000000
lfht1	async multi7	uk	10	21	12.128513	14.339777	0.000000	0.000000	0.000000
lfht1	async multi7	uk	10	22	9.618124	11.769466	0.000000	0.000000	0.000000
lfht1	async multi7	uk	10	22	9.648941	11.852101	0.000000	0.000000	0.000000
lfht1	async multi7	uk	10	22	9.650823	11.845547	0.000000	0.000000	0.000000
lfht1	async multi7	uk	10	22	9.660679	11.802434	0.000000	0.000000	0.000000
lfht1	async multi7	uk	10	22	9.618861	11.706098	0.000000	0.000000	0.000000
lfht1	async multi7	uk	10	23	8.297934	10.463570	0.000000	0.000000	0.000000
lfht1	async multi7	uk	10	23	8.290249	10.427193	0.000000	0.000000	0.000000
lfht1	async multi7	uk	10	23	8.280691	10.360595	0.000000	0.000000	0.000000
lfht1	async multi7	uk	10	23	8.288997	10.492277	0.000000	0.000000	0.000000
lfht1	async multi7	uk	10	23	8.286822	10.466311	0.000000	0.000000	0.000000
lfht1	async multi7	uk	10	24	7.945619	10.118989	0.000000	0.000000	0.000000
lfht1	async multi7	uk	10	24	7.944399	10.118684	0.000000	0.000000	0.000000
lfht1	async multi7	uk	10	24	7.944613	10.141502	0.000000	0.000000	0.000000
lfht1	async multi7	uk	10	24	7.949135	10.093251	0.000000	0.000000	0.000000
lfht1	async multi7	uk	10	24	7.957130	10.168856	0.000000	0.000000	0.000000
lfht1	async multi7	uk	10	25	7.861898	10.036820	0.000000	0.000000	0.000000
lfht1	async multi7	uk	10	25	7.853684	10.046055	0.000000	0.000000	0.000000
lfht1	async multi7	uk	10	25	7.864077	10.073234	0.000000	0.000000	0.000000
lfht1	async multi7	uk	10	25	7.868673	9.944728	0.000000	0.000000	0.000000
lfht1	async multi7	uk	10	25	7.850958	9.962047	0.000000	0.000000	0.000000
lfht1	async multi7	uk	10	26	8.135706	10.345966	0.000000	0.000000	0.000000
lfht1	async multi7	uk	10	26	8.129208	10.324830	0.000000	0.000000	0.000000
lfht1	async multi7	uk	10	26	8.143920	10.280987	0.000000	0.000000	0.000000
lfht1	async multi7	uk	10	26	8.133534	10.312834	0.000000	0.000000	0.000000
lfht1	async multi7	uk	10	26	8.129498	10.330668	0.000000	0.000000	0.000000
lfht1	async multi7	uk	10	27	8.680158	10.833387	0.000000	0.000000	0.000000
lfht1	async multi7	uk	10	27	8.682269	10.874036	0.000000	0.000000	0.000000
lfht1	async multi7	uk	10	27	8.686936	10.906462	0.000000	0.000000	0.000000
lfht1	async multi7	uk	10	27	8.664536	10.803904	0.000000	0.000000	0.000000
lfht1	async multi7	uk	10	27	8.686325	10.905337	0.000000	0.000000	0.000000
lfht1	async multi7	uk	10	28	8.792781	10.967037	0.000000	0.000000	0.000000
lfht1	async multi7	uk	10	28	8.795560	11.002688	0.000000	0.000000	0.000000
lfht1	async multi7	uk	10	28	8.798113	11.006840	0.000000	0.000000	0.000000
lfht1	async multi7	uk	10	28	8.797478	11.001880	0.000000	0.000000	0.000000
lfht1	async multi7	uk	10	28	8.805057	10.992295	0.000000	0.000000	0.000000
lfht1	async multi8	uk	10	21	11.295303	13.900323	0.000000	0.000000	0.000000
lfht1	async multi8	uk	10	21	11.288928	13.839581	0.000000	0.000000	0.000000
lfht1	async multi8	uk	10	21	11.293495	13.891582	0.000000	0.000000	0.000000
lfht1	async multi8	uk	10	21	11.298976	13.998773	0.000000	0.000000	0.000000
lfht1	async multi8	uk	10	21	11.303176	13.910246	0.000000	0.000000	0.000000
lfht1	async multi8	uk	10	22	8.936769	11.454626	0.000000	0.000000	0.000000
lfht1	async multi8	uk	10	22	8.907487	11.453360	0.000000	0.000000	0.000000
lfht1	async multi8	uk	10	22	8.918778	11.520697	0.000000	0.000000	0.000000
lfht1	async multi8	uk	10	22	8.927693	11.535708	0.000000	0.000000	0.000000
lfht1	async multi8	uk	10	22	8.914566	11.528744	0.000000	0.000000	0.000000
lfht1	async multi8	uk	10	23	7.535894	10.128771	0.000000	0.000000	0.000000
lfht1	async multi8	uk	10	23	7.576316	10.176447	0.000000	0.000000	0.000000
lfht1	async multi8	uk	10	23	7.575304	10.186501	0.000000	0.000000	0.000000
lfht1	async multi8	uk	10	23	7.575507	10.132216	0.000000	0.000000	0.000000
lfht1	async multi8	uk	10	23	7.572005	10.114433	0.000000	0.000000	0.000000
lfht1	async multi8	uk	10	24	7.193502	9.787741	0.000000	0.000000	0.000000
lfht1	async multi8	uk	10	24	7.185009	9.741122	0.000000	0.000000	0.000000
lfht1	async multi8	uk	10	24	7.197005	9.797877	0.000000	0.000000	0.000000
lfht1	async multi8	uk	10	24	7.189296	9.730443	0.000000	0.000000	0.000000
lfht1	async multi8	uk	10	24	7.195091	9.747194	0.000000	0.000000	0.000000
lfht1	async multi8	uk	10	25	7.037593	9.616186	0.000000	0.000000	0.000000
lfht1	async multi8	uk	10	25	7.039919	9.625224	0.000000	0.000000	0.000000
lfht1	async multi8	uk	10	25	7.042270	9.661854	0.000000	0.000000	0.000000
lfht1	async multi8	uk	10	25	7.039034	9.632608	0.000000	0.000000	0.000000
lfht1	async multi8	uk	10	25	7.042243	9.657631	0.000000	0.000000	0.000000
lfht1	async multi8	uk	10	26	7.340295	9.921285	0.000000	0.000000	0.000000
lfht1	async multi8	uk	10	26	7.348502	9.927229	0.000000	0.000000	0.000000
lfht1	async multi8	uk	10	26	7.347396	9.958589	0.000000	0.000000	0.000000
lfht1	async multi8	uk	10	26	7.339624	9.894007	0.000000	0.000000	0.000000
lfht1	async multi8	uk	10	26	7.356011	9.910868	0.000000	0.000000	0.000000
lfht1	async multi8	uk	10	27	7.893242	10.469102	0.000000	0.000000	0.000000
lfht1	async multi8	uk	10	27	7.906764	10.528033	0.000000	0.000000	0.000000
lfht1	async multi8	uk	10	27	7.894698	10.508644	0.000000	0.000000	0.000000
lfht1	async multi8	uk	10	27	7.901385	10.474422	0.000000	0.000000	0.000000
lfht1	async multi8	uk	10	27	7.912073	10.504171	0.000000	0.000000	0.000000
lfht1	async multi8	uk	10	28	9.140338	11.703909	0.000000	0.000000	0.000000
lfht1	async multi8	uk	10	28	9.141154	11.719267	0.000000	0.000000	0.000000
lfht1	async multi8	uk	10	28	9.145140	11.749150	0.000000	0.000000	0.000000
lfht1	async multi8	uk	10	28	9.142288	11.728451	0.000000	0.000000	0.000000
lfht1	async multi8	uk	10	28	9.135552	11.744059	0.000000	0.000000	0.000000
